SupplierKey,SupplierName,SupplierCategory,Country,ContactPerson,Rating,ActiveStatus
1,Supplier_0001,International,United Kingdom,Contact_0001,4,Active
2,Supplier_0002,Local,India,Contact_0002,2,Active
3,Supplier_0003,International,China,Contact_0003,1,Inactive
4,Supplier_0004,Local,Canada,Contact_0004,3,Active
5,Supplier_0005,International,United States,Contact_0005,4,Active
6,Supplier_0006,Local,Japan,Contact_0006,3,Active
7,Supplier_0007,International,Germany,Contact_0007,3,Active
8,Supplier_0008,Local,China,Contact_0008,4,Active
9,Supplier_0009,International,India,Contact_0009,5,Active
10,Supplier_0010,Local,United States,Contact_0010,4,Active
11,Supplier_0011,International,India,Contact_0011,1,Inactive
12,Supplier_0012,International,United States,Contact_0012,3,Active
13,Supplier_0013,Local,China,Contact_0013,5,Active
14,Supplier_0014,International,Brazil,Contact_0014,4,Inactive
15,Supplier_0015,Local,India,Contact_0015,1,Active
16,Supplier_0016,Local,United Kingdom,Contact_0016,5,Active
17,Supplier_0017,International,United States,Contact_0017,2,Active
18,Supplier_0018,International,India,Contact_0018,4,Active
19,Supplier_0019,International,India,Contact_0019,4,Active
20,Supplier_0020,Local,Australia,Contact_0020,3,Active
21,Supplier_0021,International,UAE,Contact_0021,3,Active
22,Supplier_0022,Local,United States,Contact_0022,4,Active
23,Supplier_0023,International,UAE,Contact_0023,2,Active
24,Supplier_0024,International,Australia,Contact_0024,4,Active
25,Supplier_0025,International,Germany,Contact_0025,1,Active
26,Supplier_0026,International,India,Contact_0026,3,Active
27,Supplier_0027,Local,Brazil,Contact_0027,4,Active
28,Supplier_0028,Local,India,Contact_0028,3,Active
29,Supplier_0029,International,Brazil,Contact_0029,4,Active
30,Supplier_0030,Local,Canada,Contact_0030,5,Active
31,Supplier_0031,International,Canada,Contact_0031,3,Active
32,Supplier_0032,International,India,Contact_0032,5,Active
33,Supplier_0033,International,India,Contact_0033,4,Active
34,Supplier_0034,Local,India,Contact_0034,5,Active
35,Supplier_0035,International,Germany,Contact_0035,3,Inactive
36,Supplier_0036,Local,South Africa,Contact_0036,4,Active
37,Supplier_0037,Local,United States,Contact_0037,4,Active
38,Supplier_0038,Local,India,Contact_0038,5,Active
39,Supplier_0039,International,India,Contact_0039,5,Active
40,Supplier_0040,International,Singapore,Contact_0040,3,Active
41,Supplier_0041,International,United States,Contact_0041,4,Active
42,Supplier_0042,International,India,Contact_0042,3,Active
43,Supplier_0043,International,India,Contact_0043,4,Active
44,Supplier_0044,Local,Germany,Contact_0044,4,Active
45,Supplier_0045,Local,Singapore,Contact_0045,5,Active
46,Supplier_0046,Local,United States,Contact_0046,5,Active
47,Supplier_0047,International,United States,Contact_0047,5,Active
48,Supplier_0048,Local,Germany,Contact_0048,2,Active
49,Supplier_0049,International,Brazil,Contact_0049,3,Active
50,Supplier_0050,International,Singapore,Contact_0050,5,Active
51,Supplier_0051,Local,Japan,Contact_0051,3,Active
52,Supplier_0052,Local,China,Contact_0052,2,Active
53,Supplier_0053,Local,India,Contact_0053,4,Active
54,Supplier_0054,Local,Japan,Contact_0054,4,Active
55,Supplier_0055,International,United States,Contact_0055,4,Active
56,Supplier_0056,International,Japan,Contact_0056,2,Active
57,Supplier_0057,Local,United States,Contact_0057,5,Active
58,Supplier_0058,International,Brazil,Contact_0058,4,Active
59,Supplier_0059,International,China,Contact_0059,3,Active
60,Supplier_0060,Local,United States,Contact_0060,4,Active
61,Supplier_0061,International,South Africa,Contact_0061,5,Active
62,Supplier_0062,International,India,Contact_0062,4,Inactive
63,Supplier_0063,International,South Africa,Contact_0063,3,Active
64,Supplier_0064,Local,UAE,Contact_0064,3,Active
65,Supplier_0065,International,Brazil,Contact_0065,4,Active
66,Supplier_0066,International,Japan,Contact_0066,2,Active
67,Supplier_0067,International,UAE,Contact_0067,4,Active
68,Supplier_0068,Local,United States,Contact_0068,5,Active
69,Supplier_0069,International,UAE,Contact_0069,4,Active
70,Supplier_0070,International,Canada,Contact_0070,4,Active
71,Supplier_0071,Local,Brazil,Contact_0071,3,Active
72,Supplier_0072,Local,China,Contact_0072,4,Active
73,Supplier_0073,International,United States,Contact_0073,1,Active
74,Supplier_0074,Local,Canada,Contact_0074,2,Active
75,Supplier_0075,Local,Australia,Contact_0075,4,Active
76,Supplier_0076,International,India,Contact_0076,4,Active
77,Supplier_0077,International,Singapore,Contact_0077,4,Active
78,Supplier_0078,Local,Canada,Contact_0078,4,Active
79,Supplier_0079,International,India,Contact_0079,5,Active
80,Supplier_0080,Local,United Kingdom,Contact_0080,3,Active
81,Supplier_0081,International,China,Contact_0081,4,Active
82,Supplier_0082,International,South Africa,Contact_0082,4,Active
83,Supplier_0083,Local,United Kingdom,Contact_0083,3,Active
84,Supplier_0084,Local,India,Contact_0084,1,Active
85,Supplier_0085,International,UAE,Contact_0085,4,Active
86,Supplier_0086,International,Germany,Contact_0086,3,Active
87,Supplier_0087,International,United Kingdom,Contact_0087,4,Active
88,Supplier_0088,International,United Kingdom,Contact_0088,4,Active
89,Supplier_0089,Local,Japan,Contact_0089,2,Active
90,Supplier_0090,International,India,Contact_0090,5,Active
91,Supplier_0091,International,United Kingdom,Contact_0091,4,Active
92,Supplier_0092,Local,South Africa,Contact_0092,5,Inactive
93,Supplier_0093,Local,India,Contact_0093,2,Active
94,Supplier_0094,International,India,Contact_0094,2,Active
95,Supplier_0095,Local,UAE,Contact_0095,5,Active
96,Supplier_0096,International,India,Contact_0096,4,Active
97,Supplier_0097,International,Australia,Contact_0097,3,Active
98,Supplier_0098,International,Australia,Contact_0098,5,Active
99,Supplier_0099,International,United Kingdom,Contact_0099,3,Inactive
100,Supplier_0100,International,UAE,Contact_0100,4,Active
101,Supplier_0101,International,India,Contact_0101,4,Active
102,Supplier_0102,International,United States,Contact_0102,3,Active
103,Supplier_0103,Local,Brazil,Contact_0103,3,Inactive
104,Supplier_0104,International,South Africa,Contact_0104,4,Active
105,Supplier_0105,Local,United States,Contact_0105,4,Active
106,Supplier_0106,International,Canada,Contact_0106,2,Active
107,Supplier_0107,International,India,Contact_0107,4,Active
108,Supplier_0108,Local,United States,Contact_0108,2,Active
109,Supplier_0109,Local,Japan,Contact_0109,2,Active
110,Supplier_0110,International,India,Contact_0110,4,Active
111,Supplier_0111,International,India,Contact_0111,3,Active
112,Supplier_0112,International,Canada,Contact_0112,5,Active
113,Supplier_0113,Local,United Kingdom,Contact_0113,4,Active
114,Supplier_0114,International,United Kingdom,Contact_0114,2,Active
115,Supplier_0115,International,India,Contact_0115,2,Active
116,Supplier_0116,International,India,Contact_0116,4,Active
117,Supplier_0117,Local,South Africa,Contact_0117,3,Active
118,Supplier_0118,International,India,Contact_0118,1,Inactive
119,Supplier_0119,International,India,Contact_0119,4,Inactive
120,Supplier_0120,International,India,Contact_0120,5,Active
121,Supplier_0121,International,Japan,Contact_0121,4,Active
122,Supplier_0122,International,China,Contact_0122,1,Active
123,Supplier_0123,International,South Africa,Contact_0123,4,Active
124,Supplier_0124,Local,United States,Contact_0124,4,Active
125,Supplier_0125,Local,China,Contact_0125,5,Inactive
126,Supplier_0126,International,Singapore,Contact_0126,3,Active
127,Supplier_0127,Local,Singapore,Contact_0127,5,Active
128,Supplier_0128,International,South Africa,Contact_0128,4,Active
129,Supplier_0129,International,Brazil,Contact_0129,1,Active
130,Supplier_0130,International,United Kingdom,Contact_0130,5,Active
131,Supplier_0131,Local,China,Contact_0131,5,Active
132,Supplier_0132,International,Canada,Contact_0132,4,Active
133,Supplier_0133,International,India,Contact_0133,5,Inactive
134,Supplier_0134,International,South Africa,Contact_0134,4,Inactive
135,Supplier_0135,Local,UAE,Contact_0135,4,Active
136,Supplier_0136,International,South Africa,Contact_0136,3,Active
137,Supplier_0137,Local,Japan,Contact_0137,2,Active
138,Supplier_0138,International,Germany,Contact_0138,4,Active
139,Supplier_0139,International,China,Contact_0139,5,Active
140,Supplier_0140,Local,India,Contact_0140,4,Active
141,Supplier_0141,Local,Singapore,Contact_0141,2,Active
142,Supplier_0142,International,United States,Contact_0142,3,Active
143,Supplier_0143,Local,Brazil,Contact_0143,4,Active
144,Supplier_0144,International,United Kingdom,Contact_0144,5,Inactive
145,Supplier_0145,International,India,Contact_0145,4,Active
146,Supplier_0146,International,Germany,Contact_0146,4,Active
147,Supplier_0147,Local,Japan,Contact_0147,2,Active
148,Supplier_0148,Local,India,Contact_0148,2,Active
149,Supplier_0149,Local,India,Contact_0149,5,Active
150,Supplier_0150,Local,Japan,Contact_0150,3,Active
151,Supplier_0151,Local,India,Contact_0151,3,Active
152,Supplier_0152,International,India,Contact_0152,3,Active
153,Supplier_0153,International,Germany,Contact_0153,1,Active
154,Supplier_0154,Local,Japan,Contact_0154,5,Inactive
155,Supplier_0155,Local,India,Contact_0155,5,Active
156,Supplier_0156,Local,India,Contact_0156,3,Active
157,Supplier_0157,Local,Japan,Contact_0157,4,Active
158,Supplier_0158,Local,India,Contact_0158,4,Active
159,Supplier_0159,International,Germany,Contact_0159,2,Active
160,Supplier_0160,Local,China,Contact_0160,3,Active
161,Supplier_0161,Local,India,Contact_0161,3,Active
162,Supplier_0162,International,India,Contact_0162,4,Active
163,Supplier_0163,International,Australia,Contact_0163,2,Active
164,Supplier_0164,International,China,Contact_0164,4,Active
165,Supplier_0165,Local,United States,Contact_0165,4,Active
166,Supplier_0166,International,United States,Contact_0166,4,Active
167,Supplier_0167,Local,India,Contact_0167,3,Active
168,Supplier_0168,Local,India,Contact_0168,3,Active
169,Supplier_0169,International,India,Contact_0169,4,Inactive
170,Supplier_0170,Local,India,Contact_0170,5,Active
171,Supplier_0171,Local,Canada,Contact_0171,3,Active
172,Supplier_0172,International,Brazil,Contact_0172,4,Active
173,Supplier_0173,Local,Australia,Contact_0173,3,Active
174,Supplier_0174,Local,Germany,Contact_0174,2,Active
175,Supplier_0175,International,United States,Contact_0175,3,Active
176,Supplier_0176,Local,China,Contact_0176,3,Active
177,Supplier_0177,International,India,Contact_0177,3,Active
178,Supplier_0178,International,United States,Contact_0178,4,Active
179,Supplier_0179,International,Germany,Contact_0179,3,Inactive
180,Supplier_0180,International,Canada,Contact_0180,2,Active
181,Supplier_0181,Local,Brazil,Contact_0181,2,Active
182,Supplier_0182,International,China,Contact_0182,2,Active
183,Supplier_0183,Local,India,Contact_0183,3,Active
184,Supplier_0184,International,Japan,Contact_0184,3,Active
185,Supplier_0185,International,United Kingdom,Contact_0185,4,Active
186,Supplier_0186,Local,Germany,Contact_0186,4,Active
187,Supplier_0187,International,India,Contact_0187,3,Active
188,Supplier_0188,International,Brazil,Contact_0188,2,Inactive
189,Supplier_0189,Local,Japan,Contact_0189,2,Active
190,Supplier_0190,International,Japan,Contact_0190,5,Active
191,Supplier_0191,Local,India,Contact_0191,3,Active
192,Supplier_0192,International,India,Contact_0192,4,Active
193,Supplier_0193,International,United States,Contact_0193,2,Active
194,Supplier_0194,Local,India,Contact_0194,4,Active
195,Supplier_0195,International,India,Contact_0195,4,Active
196,Supplier_0196,International,Singapore,Contact_0196,3,Active
197,Supplier_0197,International,India,Contact_0197,4,Active
198,Supplier_0198,International,Germany,Contact_0198,3,Active
199,Supplier_0199,International,Germany,Contact_0199,1,Active
200,Supplier_0200,International,Brazil,Contact_0200,4,Inactive
201,Supplier_0201,Local,Singapore,Contact_0201,4,Active
202,Supplier_0202,International,United Kingdom,Contact_0202,5,Inactive
203,Supplier_0203,Local,Germany,Contact_0203,5,Active
204,Supplier_0204,International,India,Contact_0204,5,Active
205,Supplier_0205,Local,China,Contact_0205,2,Active
206,Supplier_0206,Local,Canada,Contact_0206,3,Active
207,Supplier_0207,International,China,Contact_0207,3,Active
208,Supplier_0208,International,Australia,Contact_0208,3,Active
209,Supplier_0209,Local,India,Contact_0209,4,Active
210,Supplier_0210,Local,Brazil,Contact_0210,4,Active
211,Supplier_0211,International,India,Contact_0211,3,Inactive
212,Supplier_0212,International,India,Contact_0212,2,Inactive
213,Supplier_0213,International,Germany,Contact_0213,2,Active
214,Supplier_0214,International,India,Contact_0214,3,Active
215,Supplier_0215,International,India,Contact_0215,4,Active
216,Supplier_0216,International,Australia,Contact_0216,4,Active
217,Supplier_0217,International,United Kingdom,Contact_0217,3,Active
218,Supplier_0218,International,UAE,Contact_0218,3,Active
219,Supplier_0219,International,Japan,Contact_0219,1,Active
220,Supplier_0220,International,Singapore,Contact_0220,1,Active
221,Supplier_0221,International,India,Contact_0221,1,Active
222,Supplier_0222,Local,Canada,Contact_0222,4,Active
223,Supplier_0223,Local,India,Contact_0223,4,Active
224,Supplier_0224,Local,Canada,Contact_0224,4,Active
225,Supplier_0225,International,United States,Contact_0225,1,Active
226,Supplier_0226,Local,India,Contact_0226,3,Active
227,Supplier_0227,International,United Kingdom,Contact_0227,5,Active
228,Supplier_0228,Local,United States,Contact_0228,4,Active
229,Supplier_0229,International,Japan,Contact_0229,4,Active
230,Supplier_0230,International,United States,Contact_0230,4,Active
231,Supplier_0231,International,UAE,Contact_0231,5,Active
232,Supplier_0232,Local,United Kingdom,Contact_0232,3,Active
233,Supplier_0233,Local,Japan,Contact_0233,2,Active
234,Supplier_0234,International,South Africa,Contact_0234,3,Active
235,Supplier_0235,International,India,Contact_0235,2,Active
236,Supplier_0236,International,United States,Contact_0236,4,Active
237,Supplier_0237,Local,India,Contact_0237,2,Inactive
238,Supplier_0238,International,UAE,Contact_0238,4,Active
239,Supplier_0239,International,India,Contact_0239,4,Active
240,Supplier_0240,Local,Germany,Contact_0240,3,Active
241,Supplier_0241,International,India,Contact_0241,3,Active
242,Supplier_0242,Local,United States,Contact_0242,4,Active
243,Supplier_0243,International,China,Contact_0243,4,Inactive
244,Supplier_0244,Local,Australia,Contact_0244,1,Active
245,Supplier_0245,Local,China,Contact_0245,4,Active
246,Supplier_0246,International,United States,Contact_0246,2,Active
247,Supplier_0247,International,Singapore,Contact_0247,4,Active
248,Supplier_0248,International,India,Contact_0248,4,Active
249,Supplier_0249,International,United States,Contact_0249,3,Active
250,Supplier_0250,Local,Brazil,Contact_0250,5,Active
251,Supplier_0251,International,India,Contact_0251,5,Active
252,Supplier_0252,International,Canada,Contact_0252,4,Active
253,Supplier_0253,International,India,Contact_0253,3,Inactive
254,Supplier_0254,Local,South Africa,Contact_0254,4,Inactive
255,Supplier_0255,International,India,Contact_0255,5,Active
256,Supplier_0256,Local,Singapore,Contact_0256,5,Inactive
257,Supplier_0257,International,South Africa,Contact_0257,5,Active
258,Supplier_0258,International,United States,Contact_0258,1,Active
259,Supplier_0259,Local,India,Contact_0259,2,Active
260,Supplier_0260,International,United States,Contact_0260,2,Active
261,Supplier_0261,International,China,Contact_0261,3,Active
262,Supplier_0262,International,UAE,Contact_0262,3,Active
263,Supplier_0263,Local,UAE,Contact_0263,5,Active
264,Supplier_0264,International,Brazil,Contact_0264,5,Active
265,Supplier_0265,International,Australia,Contact_0265,4,Active
266,Supplier_0266,International,UAE,Contact_0266,4,Active
267,Supplier_0267,International,United Kingdom,Contact_0267,3,Active
268,Supplier_0268,Local,United States,Contact_0268,3,Active
269,Supplier_0269,Local,India,Contact_0269,5,Active
270,Supplier_0270,International,United Kingdom,Contact_0270,3,Inactive
271,Supplier_0271,Local,Australia,Contact_0271,4,Active
272,Supplier_0272,International,South Africa,Contact_0272,4,Active
273,Supplier_0273,Local,South Africa,Contact_0273,5,Active
274,Supplier_0274,International,China,Contact_0274,3,Active
275,Supplier_0275,Local,India,Contact_0275,4,Active
276,Supplier_0276,International,India,Contact_0276,5,Inactive
277,Supplier_0277,Local,South Africa,Contact_0277,3,Active
278,Supplier_0278,Local,Singapore,Contact_0278,5,Active
279,Supplier_0279,International,India,Contact_0279,4,Active
280,Supplier_0280,International,India,Contact_0280,3,Active
281,Supplier_0281,International,UAE,Contact_0281,5,Active
282,Supplier_0282,International,Japan,Contact_0282,2,Active
283,Supplier_0283,Local,United Kingdom,Contact_0283,4,Active
284,Supplier_0284,Local,India,Contact_0284,4,Active
285,Supplier_0285,International,UAE,Contact_0285,4,Active
286,Supplier_0286,Local,Canada,Contact_0286,4,Active
287,Supplier_0287,International,United States,Contact_0287,4,Active
288,Supplier_0288,International,UAE,Contact_0288,4,Active
289,Supplier_0289,International,Singapore,Contact_0289,4,Active
290,Supplier_0290,International,India,Contact_0290,5,Active
291,Supplier_0291,Local,Canada,Contact_0291,3,Active
292,Supplier_0292,International,India,Contact_0292,5,Active
293,Supplier_0293,Local,India,Contact_0293,4,Inactive
294,Supplier_0294,Local,Japan,Contact_0294,4,Active
295,Supplier_0295,Local,Australia,Contact_0295,4,Active
296,Supplier_0296,Local,South Africa,Contact_0296,4,Inactive
297,Supplier_0297,International,India,Contact_0297,4,Active
298,Supplier_0298,International,United States,Contact_0298,2,Active
299,Supplier_0299,International,United States,Contact_0299,1,Active
300,Supplier_0300,International,South Africa,Contact_0300,4,Active
301,Supplier_0301,Local,Australia,Contact_0301,1,Active
302,Supplier_0302,International,Germany,Contact_0302,4,Active
303,Supplier_0303,International,United States,Contact_0303,4,Active
304,Supplier_0304,International,India,Contact_0304,4,Active
305,Supplier_0305,International,India,Contact_0305,4,Active
306,Supplier_0306,Local,South Africa,Contact_0306,4,Inactive
307,Supplier_0307,International,United Kingdom,Contact_0307,3,Active
308,Supplier_0308,International,South Africa,Contact_0308,5,Active
309,Supplier_0309,Local,India,Contact_0309,4,Active
310,Supplier_0310,International,UAE,Contact_0310,5,Active
311,Supplier_0311,International,UAE,Contact_0311,4,Active
312,Supplier_0312,International,Australia,Contact_0312,2,Active
313,Supplier_0313,International,Brazil,Contact_0313,4,Active
314,Supplier_0314,Local,India,Contact_0314,4,Active
315,Supplier_0315,International,India,Contact_0315,2,Active
316,Supplier_0316,International,United States,Contact_0316,3,Active
317,Supplier_0317,Local,India,Contact_0317,3,Active
318,Supplier_0318,Local,China,Contact_0318,4,Active
319,Supplier_0319,Local,Australia,Contact_0319,4,Active
320,Supplier_0320,International,India,Contact_0320,2,Active
321,Supplier_0321,International,Japan,Contact_0321,4,Active
322,Supplier_0322,International,United States,Contact_0322,2,Active
323,Supplier_0323,Local,India,Contact_0323,3,Active
324,Supplier_0324,International,China,Contact_0324,5,Active
325,Supplier_0325,Local,India,Contact_0325,4,Active
326,Supplier_0326,International,India,Contact_0326,2,Active
327,Supplier_0327,International,Singapore,Contact_0327,4,Active
328,Supplier_0328,International,United States,Contact_0328,2,Active
329,Supplier_0329,International,China,Contact_0329,4,Active
330,Supplier_0330,International,Germany,Contact_0330,2,Active
331,Supplier_0331,Local,India,Contact_0331,5,Active
332,Supplier_0332,Local,South Africa,Contact_0332,3,Active
333,Supplier_0333,International,Japan,Contact_0333,4,Active
334,Supplier_0334,International,India,Contact_0334,5,Active
335,Supplier_0335,International,India,Contact_0335,2,Active
336,Supplier_0336,International,United States,Contact_0336,5,Active
337,Supplier_0337,International,Australia,Contact_0337,3,Active
338,Supplier_0338,Local,South Africa,Contact_0338,5,Active
339,Supplier_0339,International,United Kingdom,Contact_0339,4,Active
340,Supplier_0340,International,Brazil,Contact_0340,3,Active
341,Supplier_0341,Local,Brazil,Contact_0341,4,Active
342,Supplier_0342,Local,Australia,Contact_0342,4,Inactive
343,Supplier_0343,Local,India,Contact_0343,5,Active
344,Supplier_0344,International,UAE,Contact_0344,3,Active
345,Supplier_0345,International,United Kingdom,Contact_0345,3,Active
346,Supplier_0346,Local,India,Contact_0346,5,Active
347,Supplier_0347,Local,Japan,Contact_0347,4,Active
348,Supplier_0348,International,South Africa,Contact_0348,3,Active
349,Supplier_0349,International,India,Contact_0349,3,Active
350,Supplier_0350,Local,United Kingdom,Contact_0350,4,Active
351,Supplier_0351,Local,India,Contact_0351,1,Active
352,Supplier_0352,International,Japan,Contact_0352,5,Active
353,Supplier_0353,International,China,Contact_0353,3,Active
354,Supplier_0354,Local,United States,Contact_0354,4,Inactive
355,Supplier_0355,Local,India,Contact_0355,4,Inactive
356,Supplier_0356,International,United States,Contact_0356,1,Active
357,Supplier_0357,International,South Africa,Contact_0357,1,Inactive
358,Supplier_0358,International,Japan,Contact_0358,4,Active
359,Supplier_0359,International,Germany,Contact_0359,2,Active
360,Supplier_0360,International,United States,Contact_0360,3,Active
361,Supplier_0361,Local,South Africa,Contact_0361,4,Active
362,Supplier_0362,Local,UAE,Contact_0362,4,Active
363,Supplier_0363,International,South Africa,Contact_0363,4,Active
364,Supplier_0364,International,UAE,Contact_0364,1,Inactive
365,Supplier_0365,International,Singapore,Contact_0365,3,Active
366,Supplier_0366,International,United Kingdom,Contact_0366,2,Active
367,Supplier_0367,Local,South Africa,Contact_0367,5,Active
368,Supplier_0368,International,UAE,Contact_0368,4,Active
369,Supplier_0369,International,UAE,Contact_0369,3,Active
370,Supplier_0370,International,Canada,Contact_0370,4,Active
371,Supplier_0371,Local,Canada,Contact_0371,4,Active
372,Supplier_0372,Local,United States,Contact_0372,3,Active
373,Supplier_0373,International,United Kingdom,Contact_0373,3,Active
374,Supplier_0374,Local,India,Contact_0374,4,Active
375,Supplier_0375,International,Japan,Contact_0375,3,Active
376,Supplier_0376,International,Germany,Contact_0376,1,Active
377,Supplier_0377,Local,United Kingdom,Contact_0377,4,Active
378,Supplier_0378,International,China,Contact_0378,5,Active
379,Supplier_0379,Local,South Africa,Contact_0379,3,Active
380,Supplier_0380,International,Japan,Contact_0380,3,Inactive
381,Supplier_0381,International,India,Contact_0381,3,Active
382,Supplier_0382,Local,Germany,Contact_0382,3,Active
383,Supplier_0383,International,Canada,Contact_0383,3,Active
384,Supplier_0384,Local,Singapore,Contact_0384,4,Active
385,Supplier_0385,International,India,Contact_0385,3,Active
386,Supplier_0386,Local,Singapore,Contact_0386,4,Active
387,Supplier_0387,International,South Africa,Contact_0387,5,Active
388,Supplier_0388,International,India,Contact_0388,5,Active
389,Supplier_0389,International,Canada,Contact_0389,3,Active
390,Supplier_0390,International,Japan,Contact_0390,5,Inactive
391,Supplier_0391,Local,United States,Contact_0391,4,Active
392,Supplier_0392,International,Canada,Contact_0392,4,Active
393,Supplier_0393,International,Japan,Contact_0393,4,Active
394,Supplier_0394,International,Australia,Contact_0394,3,Active
395,Supplier_0395,International,India,Contact_0395,4,Active
396,Supplier_0396,Local,India,Contact_0396,4,Active
397,Supplier_0397,Local,South Africa,Contact_0397,4,Active
398,Supplier_0398,International,United Kingdom,Contact_0398,4,Inactive
399,Supplier_0399,Local,India,Contact_0399,4,Active
400,Supplier_0400,Local,United States,Contact_0400,2,Active
401,Supplier_0401,Local,India,Contact_0401,3,Active
402,Supplier_0402,International,India,Contact_0402,2,Active
403,Supplier_0403,International,India,Contact_0403,5,Active
404,Supplier_0404,Local,China,Contact_0404,3,Active
405,Supplier_0405,International,South Africa,Contact_0405,4,Active
406,Supplier_0406,Local,Germany,Contact_0406,4,Inactive
407,Supplier_0407,International,India,Contact_0407,3,Active
408,Supplier_0408,International,India,Contact_0408,4,Active
409,Supplier_0409,International,Japan,Contact_0409,5,Active
410,Supplier_0410,Local,United Kingdom,Contact_0410,5,Inactive
411,Supplier_0411,International,China,Contact_0411,4,Active
412,Supplier_0412,International,India,Contact_0412,2,Active
413,Supplier_0413,International,Australia,Contact_0413,1,Active
414,Supplier_0414,Local,United States,Contact_0414,2,Inactive
415,Supplier_0415,Local,China,Contact_0415,3,Active
416,Supplier_0416,International,China,Contact_0416,5,Active
417,Supplier_0417,International,South Africa,Contact_0417,3,Inactive
418,Supplier_0418,International,India,Contact_0418,3,Active
419,Supplier_0419,International,UAE,Contact_0419,4,Active
420,Supplier_0420,International,India,Contact_0420,3,Active
421,Supplier_0421,International,United States,Contact_0421,4,Active
422,Supplier_0422,International,India,Contact_0422,5,Active
423,Supplier_0423,International,China,Contact_0423,3,Active
424,Supplier_0424,Local,United Kingdom,Contact_0424,3,Active
425,Supplier_0425,Local,India,Contact_0425,5,Active
426,Supplier_0426,International,South Africa,Contact_0426,3,Active
427,Supplier_0427,Local,United Kingdom,Contact_0427,4,Active
428,Supplier_0428,International,Japan,Contact_0428,3,Active
429,Supplier_0429,International,Australia,Contact_0429,2,Inactive
430,Supplier_0430,International,India,Contact_0430,5,Active
431,Supplier_0431,Local,India,Contact_0431,3,Active
432,Supplier_0432,Local,Singapore,Contact_0432,4,Inactive
433,Supplier_0433,International,Canada,Contact_0433,3,Active
434,Supplier_0434,International,Germany,Contact_0434,2,Active
435,Supplier_0435,Local,United Kingdom,Contact_0435,3,Active
436,Supplier_0436,International,Canada,Contact_0436,4,Active
437,Supplier_0437,International,United Kingdom,Contact_0437,1,Active
438,Supplier_0438,Local,Australia,Contact_0438,4,Active
439,Supplier_0439,Local,India,Contact_0439,5,Active
440,Supplier_0440,International,South Africa,Contact_0440,2,Active
441,Supplier_0441,International,Germany,Contact_0441,2,Active
442,Supplier_0442,Local,India,Contact_0442,4,Active
443,Supplier_0443,Local,United Kingdom,Contact_0443,4,Active
444,Supplier_0444,International,Brazil,Contact_0444,4,Active
445,Supplier_0445,International,Singapore,Contact_0445,3,Active
446,Supplier_0446,International,India,Contact_0446,4,Active
447,Supplier_0447,International,Japan,Contact_0447,4,Active
448,Supplier_0448,International,India,Contact_0448,3,Active
449,Supplier_0449,International,Germany,Contact_0449,1,Active
450,Supplier_0450,Local,Singapore,Contact_0450,2,Active
451,Supplier_0451,International,South Africa,Contact_0451,3,Active
452,Supplier_0452,International,United States,Contact_0452,4,Active
453,Supplier_0453,Local,India,Contact_0453,4,Active
454,Supplier_0454,Local,United States,Contact_0454,2,Inactive
455,Supplier_0455,International,United States,Contact_0455,4,Active
456,Supplier_0456,Local,India,Contact_0456,4,Active
457,Supplier_0457,International,Japan,Contact_0457,1,Inactive
458,Supplier_0458,Local,Canada,Contact_0458,5,Active
459,Supplier_0459,International,China,Contact_0459,5,Active
460,Supplier_0460,Local,India,Contact_0460,5,Active
461,Supplier_0461,International,United Kingdom,Contact_0461,4,Active
462,Supplier_0462,Local,South Africa,Contact_0462,2,Active
463,Supplier_0463,International,UAE,Contact_0463,3,Active
464,Supplier_0464,International,UAE,Contact_0464,5,Active
465,Supplier_0465,International,Australia,Contact_0465,5,Active
466,Supplier_0466,International,Australia,Contact_0466,3,Active
467,Supplier_0467,International,South Africa,Contact_0467,1,Active
468,Supplier_0468,International,India,Contact_0468,5,Active
469,Supplier_0469,International,Germany,Contact_0469,4,Active
470,Supplier_0470,International,China,Contact_0470,3,Active
471,Supplier_0471,International,Singapore,Contact_0471,4,Active
472,Supplier_0472,International,India,Contact_0472,1,Active
473,Supplier_0473,International,Singapore,Contact_0473,2,Active
474,Supplier_0474,Local,Canada,Contact_0474,4,Active
475,Supplier_0475,Local,Japan,Contact_0475,3,Active
476,Supplier_0476,Local,China,Contact_0476,4,Active
477,Supplier_0477,Local,Australia,Contact_0477,5,Active
478,Supplier_0478,Local,United States,Contact_0478,3,Active
479,Supplier_0479,Local,South Africa,Contact_0479,4,Active
480,Supplier_0480,International,UAE,Contact_0480,3,Active
481,Supplier_0481,Local,Singapore,Contact_0481,4,Active
482,Supplier_0482,Local,Canada,Contact_0482,4,Active
483,Supplier_0483,Local,Japan,Contact_0483,4,Active
484,Supplier_0484,International,China,Contact_0484,4,Active
485,Supplier_0485,International,United States,Contact_0485,4,Active
486,Supplier_0486,Local,India,Contact_0486,4,Active
487,Supplier_0487,International,Australia,Contact_0487,4,Active
488,Supplier_0488,International,United States,Contact_0488,2,Active
489,Supplier_0489,International,China,Contact_0489,5,Inactive
490,Supplier_0490,International,Japan,Contact_0490,4,Active
491,Supplier_0491,International,India,Contact_0491,5,Active
492,Supplier_0492,International,China,Contact_0492,3,Active
493,Supplier_0493,Local,United States,Contact_0493,1,Active
494,Supplier_0494,International,United States,Contact_0494,3,Inactive
495,Supplier_0495,International,United States,Contact_0495,5,Active
496,Supplier_0496,International,India,Contact_0496,4,Active
497,Supplier_0497,Local,India,Contact_0497,4,Active
498,Supplier_0498,International,United Kingdom,Contact_0498,4,Active
499,Supplier_0499,Local,Japan,Contact_0499,4,Active
500,Supplier_0500,Local,South Africa,Contact_0500,2,Active
