OrgKey,OrgName,OrgRegion,BusinessUnit,Head
1,Org_01,Africa,Finance,Head_01
2,Org_02,North America,Procurement,Head_02
3,Org_03,Asia,Operations,Head_03
4,Org_04,Europe,Operations,Head_04
5,Org_05,Africa,Finance,Head_05
6,Org_06,Africa,Procurement,Head_06
7,Org_07,South America,Finance,Head_07
8,Org_08,South America,IT,Head_08
9,Org_09,North America,Finance,Head_09
10,Org_10,North America,Operations,Head_10
11,Org_11,Europe,HR,Head_11
12,Org_12,South America,Finance,Head_12
13,Org_13,South America,Operations,Head_13
14,Org_14,Africa,Procurement,Head_14
15,Org_15,Africa,HR,Head_15
16,Org_16,India,Operations,Head_16
17,Org_17,India,HR,Head_17
18,Org_18,Asia,Finance,Head_18
19,Org_19,Oceania,Operations,Head_19
20,Org_20,Africa,IT,Head_20
