BuyerKey,BuyerName,BuyerRegion,BuyerType,Manager
1,Buyer_001,West,Internal,Manager_001
2,Buyer_002,West,External,Manager_002
3,Buyer_003,South,Internal,Manager_003
4,Buyer_004,South,External,Manager_004
5,Buyer_005,West,Internal,Manager_005
6,Buyer_006,West,Internal,Manager_006
7,Buyer_007,West,Internal,Manager_007
8,Buyer_008,East,Internal,Manager_008
9,Buyer_009,West,Internal,Manager_009
10,Buyer_010,East,Internal,Manager_010
11,Buyer_011,South,External,Manager_011
12,Buyer_012,East,External,Manager_012
13,Buyer_013,Central,Internal,Manager_013
14,Buyer_014,West,External,Manager_014
15,Buyer_015,North,Internal,Manager_015
16,Buyer_016,Central,Internal,Manager_016
17,Buyer_017,East,External,Manager_017
18,Buyer_018,Central,Internal,Manager_018
19,Buyer_019,East,Internal,Manager_019
20,Buyer_020,Central,Internal,Manager_020
21,Buyer_021,North,Internal,Manager_021
22,Buyer_022,North,Internal,Manager_022
23,Buyer_023,West,Internal,Manager_023
24,Buyer_024,North,External,Manager_024
25,Buyer_025,North,Internal,Manager_025
26,Buyer_026,Central,Internal,Manager_026
27,Buyer_027,West,External,Manager_027
28,Buyer_028,North,External,Manager_028
29,Buyer_029,North,Internal,Manager_029
30,Buyer_030,South,Internal,Manager_030
31,Buyer_031,Central,Internal,Manager_031
32,Buyer_032,North,Internal,Manager_032
33,Buyer_033,South,External,Manager_033
34,Buyer_034,East,Internal,Manager_034
35,Buyer_035,West,Internal,Manager_035
36,Buyer_036,West,Internal,Manager_036
37,Buyer_037,East,Internal,Manager_037
38,Buyer_038,North,Internal,Manager_038
39,Buyer_039,Central,Internal,Manager_039
40,Buyer_040,West,External,Manager_040
41,Buyer_041,Central,Internal,Manager_041
42,Buyer_042,West,External,Manager_042
43,Buyer_043,East,External,Manager_043
44,Buyer_044,South,External,Manager_044
45,Buyer_045,North,Internal,Manager_045
46,Buyer_046,North,Internal,Manager_046
47,Buyer_047,East,External,Manager_047
48,Buyer_048,North,Internal,Manager_048
49,Buyer_049,East,Internal,Manager_049
50,Buyer_050,West,Internal,Manager_050
51,Buyer_051,East,Internal,Manager_051
52,Buyer_052,East,Internal,Manager_052
53,Buyer_053,East,Internal,Manager_053
54,Buyer_054,South,Internal,Manager_054
55,Buyer_055,West,External,Manager_055
56,Buyer_056,West,Internal,Manager_056
57,Buyer_057,North,Internal,Manager_057
58,Buyer_058,South,Internal,Manager_058
59,Buyer_059,West,Internal,Manager_059
60,Buyer_060,South,Internal,Manager_060
61,Buyer_061,East,Internal,Manager_061
62,Buyer_062,East,Internal,Manager_062
63,Buyer_063,North,Internal,Manager_063
64,Buyer_064,Central,External,Manager_064
65,Buyer_065,East,Internal,Manager_065
66,Buyer_066,East,External,Manager_066
67,Buyer_067,West,External,Manager_067
68,Buyer_068,North,Internal,Manager_068
69,Buyer_069,Central,Internal,Manager_069
70,Buyer_070,Central,Internal,Manager_070
71,Buyer_071,West,External,Manager_071
72,Buyer_072,East,Internal,Manager_072
73,Buyer_073,East,Internal,Manager_073
74,Buyer_074,East,Internal,Manager_074
75,Buyer_075,North,External,Manager_075
76,Buyer_076,South,Internal,Manager_076
77,Buyer_077,Central,External,Manager_077
78,Buyer_078,West,External,Manager_078
79,Buyer_079,West,External,Manager_079
80,Buyer_080,East,External,Manager_080
81,Buyer_081,North,Internal,Manager_081
82,Buyer_082,West,Internal,Manager_082
83,Buyer_083,Central,Internal,Manager_083
84,Buyer_084,East,External,Manager_084
85,Buyer_085,South,Internal,Manager_085
86,Buyer_086,West,External,Manager_086
87,Buyer_087,North,Internal,Manager_087
88,Buyer_088,West,External,Manager_088
89,Buyer_089,East,Internal,Manager_089
90,Buyer_090,South,Internal,Manager_090
91,Buyer_091,North,External,Manager_091
92,Buyer_092,East,External,Manager_092
93,Buyer_093,East,Internal,Manager_093
94,Buyer_094,West,External,Manager_094
95,Buyer_095,South,Internal,Manager_095
96,Buyer_096,West,Internal,Manager_096
97,Buyer_097,North,Internal,Manager_097
98,Buyer_098,North,External,Manager_098
99,Buyer_099,East,Internal,Manager_099
100,Buyer_100,North,Internal,Manager_100
101,Buyer_101,Central,Internal,Manager_101
102,Buyer_102,Central,Internal,Manager_102
103,Buyer_103,West,External,Manager_103
104,Buyer_104,West,Internal,Manager_104
105,Buyer_105,North,External,Manager_105
106,Buyer_106,Central,External,Manager_106
107,Buyer_107,East,External,Manager_107
108,Buyer_108,East,Internal,Manager_108
109,Buyer_109,East,Internal,Manager_109
110,Buyer_110,West,Internal,Manager_110
111,Buyer_111,East,Internal,Manager_111
112,Buyer_112,East,Internal,Manager_112
113,Buyer_113,North,Internal,Manager_113
114,Buyer_114,South,External,Manager_114
115,Buyer_115,North,Internal,Manager_115
116,Buyer_116,East,External,Manager_116
117,Buyer_117,East,External,Manager_117
118,Buyer_118,West,External,Manager_118
119,Buyer_119,North,Internal,Manager_119
120,Buyer_120,North,Internal,Manager_120
121,Buyer_121,West,Internal,Manager_121
122,Buyer_122,Central,Internal,Manager_122
123,Buyer_123,North,Internal,Manager_123
124,Buyer_124,North,Internal,Manager_124
125,Buyer_125,North,External,Manager_125
126,Buyer_126,Central,Internal,Manager_126
127,Buyer_127,East,External,Manager_127
128,Buyer_128,North,Internal,Manager_128
129,Buyer_129,West,External,Manager_129
130,Buyer_130,South,Internal,Manager_130
131,Buyer_131,North,External,Manager_131
132,Buyer_132,Central,External,Manager_132
133,Buyer_133,West,Internal,Manager_133
134,Buyer_134,South,Internal,Manager_134
135,Buyer_135,Central,Internal,Manager_135
136,Buyer_136,West,Internal,Manager_136
137,Buyer_137,West,Internal,Manager_137
138,Buyer_138,Central,Internal,Manager_138
139,Buyer_139,North,Internal,Manager_139
140,Buyer_140,North,Internal,Manager_140
141,Buyer_141,North,Internal,Manager_141
142,Buyer_142,West,External,Manager_142
143,Buyer_143,North,Internal,Manager_143
144,Buyer_144,West,Internal,Manager_144
145,Buyer_145,Central,Internal,Manager_145
146,Buyer_146,West,External,Manager_146
147,Buyer_147,East,Internal,Manager_147
148,Buyer_148,West,Internal,Manager_148
149,Buyer_149,West,Internal,Manager_149
150,Buyer_150,West,External,Manager_150
151,Buyer_151,South,Internal,Manager_151
152,Buyer_152,North,Internal,Manager_152
153,Buyer_153,North,Internal,Manager_153
154,Buyer_154,Central,Internal,Manager_154
155,Buyer_155,South,External,Manager_155
156,Buyer_156,East,Internal,Manager_156
157,Buyer_157,North,Internal,Manager_157
158,Buyer_158,Central,Internal,Manager_158
159,Buyer_159,East,Internal,Manager_159
160,Buyer_160,West,Internal,Manager_160
161,Buyer_161,Central,Internal,Manager_161
162,Buyer_162,North,Internal,Manager_162
163,Buyer_163,East,External,Manager_163
164,Buyer_164,North,Internal,Manager_164
165,Buyer_165,Central,Internal,Manager_165
166,Buyer_166,South,Internal,Manager_166
167,Buyer_167,North,Internal,Manager_167
168,Buyer_168,Central,Internal,Manager_168
169,Buyer_169,North,Internal,Manager_169
170,Buyer_170,East,External,Manager_170
171,Buyer_171,North,Internal,Manager_171
172,Buyer_172,East,Internal,Manager_172
173,Buyer_173,East,Internal,Manager_173
174,Buyer_174,Central,Internal,Manager_174
175,Buyer_175,West,External,Manager_175
176,Buyer_176,Central,External,Manager_176
177,Buyer_177,West,Internal,Manager_177
178,Buyer_178,North,External,Manager_178
179,Buyer_179,West,External,Manager_179
180,Buyer_180,North,Internal,Manager_180
181,Buyer_181,Central,External,Manager_181
182,Buyer_182,North,Internal,Manager_182
183,Buyer_183,South,Internal,Manager_183
184,Buyer_184,West,Internal,Manager_184
185,Buyer_185,West,Internal,Manager_185
186,Buyer_186,East,Internal,Manager_186
187,Buyer_187,West,External,Manager_187
188,Buyer_188,West,Internal,Manager_188
189,Buyer_189,North,External,Manager_189
190,Buyer_190,Central,Internal,Manager_190
191,Buyer_191,South,External,Manager_191
192,Buyer_192,Central,Internal,Manager_192
193,Buyer_193,South,Internal,Manager_193
194,Buyer_194,North,Internal,Manager_194
195,Buyer_195,West,Internal,Manager_195
196,Buyer_196,East,External,Manager_196
197,Buyer_197,Central,Internal,Manager_197
198,Buyer_198,South,Internal,Manager_198
199,Buyer_199,West,Internal,Manager_199
200,Buyer_200,North,Internal,Manager_200
