ProductKey,ProductName,ProductCategory,Unit,StandardCost,ListPrice
1,Product_0001,Consumables,EA,202.69,480.31
2,Product_0002,Consumables,L,365.94,730.35
3,Product_0003,Services,LICENSE,217.82,441.26
4,Product_0004,Electronics,L,431.56,822.52
5,Product_0005,Software,L,227.81,430.55
6,Product_0006,Raw Materials,HOUR,293.19,465.64
7,Product_0007,Raw Materials,HOUR,199.52,361.62
8,Product_0008,Consumables,EA,218.11,274.11
9,Product_0009,Raw Materials,KG,473.59,730.59
10,Product_0010,Electronics,L,320.27,494.46
11,Product_0011,Raw Materials,KG,159.05,323.16
12,Product_0012,Raw Materials,HOUR,421.65,797.48
13,Product_0013,Electronics,L,87.84,216.04
14,Product_0014,Electronics,L,268.3,334.54
15,Product_0015,Electronics,L,197.05,252.63
16,Product_0016,Electronics,KG,77.8,136.72
17,Product_0017,Services,HOUR,62.49,152.23
18,Product_0018,Electronics,L,497.45,915.71
19,Product_0019,Services,HOUR,480.76,776.31
20,Product_0020,Raw Materials,LICENSE,490.15,854.29
21,Product_0021,Services,KG,382.14,863.17
22,Product_0022,Electronics,LICENSE,414.27,860.88
23,Product_0023,Hardware,HOUR,174.51,251.62
24,Product_0024,Electronics,L,176.9,334.64
25,Product_0025,Electronics,LICENSE,79.51,177.65
26,Product_0026,Raw Materials,EA,496.95,1156.13
27,Product_0027,Software,HOUR,397.3,683.0
28,Product_0028,Hardware,L,427.02,888.54
29,Product_0029,Raw Materials,HOUR,455.18,954.56
30,Product_0030,Raw Materials,LICENSE,23.8,50.73
31,Product_0031,Consumables,HOUR,398.13,577.23
32,Product_0032,Raw Materials,HOUR,484.96,1176.62
33,Product_0033,Raw Materials,KG,244.29,562.39
34,Product_0034,Raw Materials,L,248.25,448.72
35,Product_0035,Raw Materials,L,258.08,455.22
36,Product_0036,Services,HOUR,447.75,766.18
37,Product_0037,Hardware,HOUR,404.26,703.78
38,Product_0038,Services,L,6.57,13.0
39,Product_0039,Electronics,LICENSE,159.39,226.54
40,Product_0040,Raw Materials,LICENSE,463.56,499.59
41,Product_0041,Raw Materials,LICENSE,20.12,46.57
42,Product_0042,Services,EA,182.56,404.63
43,Product_0043,Electronics,KG,397.73,988.87
44,Product_0044,Electronics,EA,415.09,613.17
45,Product_0045,Electronics,LICENSE,174.18,342.74
46,Product_0046,Software,EA,377.95,818.24
47,Product_0047,Electronics,EA,423.73,821.92
48,Product_0048,Software,L,362.96,528.65
49,Product_0049,Consumables,LICENSE,177.67,215.15
50,Product_0050,Electronics,KG,350.39,371.0
51,Product_0051,Software,HOUR,43.05,76.45
52,Product_0052,Software,HOUR,76.87,159.86
53,Product_0053,Services,L,432.38,705.6
54,Product_0054,Consumables,EA,15.9,30.14
55,Product_0055,Raw Materials,LICENSE,322.04,795.29
56,Product_0056,Electronics,KG,210.98,453.91
57,Product_0057,Electronics,KG,295.0,577.0
58,Product_0058,Consumables,HOUR,124.76,260.15
59,Product_0059,Services,KG,75.72,164.63
60,Product_0060,Electronics,HOUR,71.25,139.85
61,Product_0061,Electronics,LICENSE,204.21,244.84
62,Product_0062,Software,KG,28.19,40.89
63,Product_0063,Hardware,LICENSE,236.15,364.51
64,Product_0064,Electronics,EA,465.79,1047.44
65,Product_0065,Software,L,422.14,635.05
66,Product_0066,Services,HOUR,219.74,520.66
67,Product_0067,Electronics,LICENSE,339.19,413.21
68,Product_0068,Software,KG,196.89,387.37
69,Product_0069,Consumables,LICENSE,73.86,104.78
70,Product_0070,Hardware,EA,483.19,1040.55
71,Product_0071,Software,HOUR,152.54,183.47
72,Product_0072,Raw Materials,HOUR,499.74,600.67
73,Product_0073,Electronics,L,433.58,754.5
74,Product_0074,Software,KG,188.06,211.74
75,Product_0075,Software,EA,278.27,459.95
76,Product_0076,Consumables,EA,330.39,573.16
77,Product_0077,Electronics,EA,399.14,855.49
78,Product_0078,Software,HOUR,72.62,144.87
79,Product_0079,Software,EA,487.42,548.68
80,Product_0080,Services,EA,445.66,653.67
81,Product_0081,Raw Materials,LICENSE,412.54,900.96
82,Product_0082,Hardware,KG,345.58,484.07
83,Product_0083,Services,EA,14.57,17.93
84,Product_0084,Hardware,HOUR,369.42,564.79
85,Product_0085,Hardware,HOUR,9.91,17.07
86,Product_0086,Raw Materials,EA,201.84,435.04
87,Product_0087,Electronics,LICENSE,263.04,648.45
88,Product_0088,Services,LICENSE,42.81,68.7
89,Product_0089,Services,EA,136.46,146.76
90,Product_0090,Raw Materials,HOUR,370.82,509.41
91,Product_0091,Raw Materials,HOUR,5.67,8.42
92,Product_0092,Consumables,EA,424.3,460.03
93,Product_0093,Electronics,L,305.04,449.07
94,Product_0094,Electronics,KG,154.94,177.45
95,Product_0095,Electronics,HOUR,303.63,527.23
96,Product_0096,Hardware,LICENSE,33.63,82.02
97,Product_0097,Raw Materials,HOUR,267.71,533.78
98,Product_0098,Software,KG,389.58,524.85
99,Product_0099,Services,L,448.56,1022.01
100,Product_0100,Raw Materials,HOUR,77.75,173.08
101,Product_0101,Hardware,HOUR,323.2,718.89
102,Product_0102,Software,KG,271.71,309.18
103,Product_0103,Raw Materials,L,77.92,82.7
104,Product_0104,Services,KG,27.06,44.72
105,Product_0105,Software,LICENSE,124.74,221.52
106,Product_0106,Software,KG,312.35,748.56
107,Product_0107,Raw Materials,LICENSE,94.25,161.64
108,Product_0108,Software,EA,243.26,572.06
109,Product_0109,Consumables,HOUR,490.69,1079.55
110,Product_0110,Raw Materials,HOUR,331.26,400.13
111,Product_0111,Hardware,EA,497.44,1035.67
112,Product_0112,Hardware,KG,113.46,194.64
113,Product_0113,Software,L,490.68,650.47
114,Product_0114,Services,KG,180.75,372.81
115,Product_0115,Consumables,HOUR,483.69,783.36
116,Product_0116,Software,L,127.43,252.17
117,Product_0117,Consumables,HOUR,480.28,1036.06
118,Product_0118,Services,HOUR,10.99,11.68
119,Product_0119,Electronics,HOUR,118.2,232.83
120,Product_0120,Consumables,LICENSE,93.05,167.14
121,Product_0121,Consumables,LICENSE,126.67,206.98
122,Product_0122,Services,L,63.66,93.51
123,Product_0123,Raw Materials,EA,477.65,844.14
124,Product_0124,Electronics,L,319.54,377.55
125,Product_0125,Services,KG,475.71,897.58
126,Product_0126,Raw Materials,KG,496.26,799.06
127,Product_0127,Electronics,LICENSE,330.03,461.57
128,Product_0128,Consumables,EA,487.31,531.12
129,Product_0129,Electronics,KG,24.27,26.75
130,Product_0130,Services,L,341.38,469.77
131,Product_0131,Services,L,283.85,473.99
132,Product_0132,Consumables,KG,144.84,226.23
133,Product_0133,Software,KG,446.82,740.92
134,Product_0134,Electronics,EA,445.0,818.59
135,Product_0135,Electronics,EA,151.37,289.27
136,Product_0136,Consumables,EA,185.36,273.98
137,Product_0137,Consumables,LICENSE,207.66,462.2
138,Product_0138,Services,HOUR,364.74,792.28
139,Product_0139,Raw Materials,HOUR,80.04,185.7
140,Product_0140,Electronics,EA,215.49,238.0
141,Product_0141,Raw Materials,LICENSE,5.01,8.29
142,Product_0142,Electronics,LICENSE,362.95,486.65
143,Product_0143,Electronics,HOUR,155.45,215.16
144,Product_0144,Software,EA,483.59,665.05
145,Product_0145,Services,LICENSE,424.97,706.65
146,Product_0146,Electronics,L,357.75,799.33
147,Product_0147,Electronics,LICENSE,499.77,818.79
148,Product_0148,Services,KG,273.52,346.53
149,Product_0149,Software,EA,356.11,460.31
150,Product_0150,Raw Materials,EA,138.08,270.81
151,Product_0151,Software,LICENSE,302.77,448.1
152,Product_0152,Software,L,282.25,615.89
153,Product_0153,Consumables,L,187.79,451.21
154,Product_0154,Electronics,LICENSE,402.74,494.14
155,Product_0155,Consumables,LICENSE,431.54,624.61
156,Product_0156,Software,LICENSE,75.37,102.46
157,Product_0157,Software,LICENSE,428.99,886.59
158,Product_0158,Services,HOUR,473.81,838.44
159,Product_0159,Services,L,394.17,833.65
160,Product_0160,Software,EA,392.17,482.51
161,Product_0161,Electronics,L,485.28,817.51
162,Product_0162,Raw Materials,L,253.04,524.8
163,Product_0163,Raw Materials,LICENSE,217.65,326.0
164,Product_0164,Hardware,L,480.95,1003.21
165,Product_0165,Software,HOUR,440.27,978.61
166,Product_0166,Software,LICENSE,148.57,343.72
167,Product_0167,Hardware,KG,40.09,60.28
168,Product_0168,Electronics,HOUR,417.25,986.31
169,Product_0169,Services,LICENSE,97.52,105.2
170,Product_0170,Services,EA,179.71,350.59
171,Product_0171,Electronics,EA,439.6,847.54
172,Product_0172,Software,LICENSE,146.45,245.67
173,Product_0173,Services,EA,40.69,54.84
174,Product_0174,Raw Materials,L,322.66,652.95
175,Product_0175,Hardware,KG,393.71,756.55
176,Product_0176,Electronics,LICENSE,470.93,1119.1
177,Product_0177,Raw Materials,HOUR,488.67,586.17
178,Product_0178,Software,EA,204.78,434.12
179,Product_0179,Electronics,L,106.2,191.54
180,Product_0180,Services,HOUR,106.64,186.66
181,Product_0181,Electronics,L,277.06,568.02
182,Product_0182,Services,HOUR,42.41,103.04
183,Product_0183,Raw Materials,LICENSE,301.53,589.28
184,Product_0184,Services,KG,12.48,30.57
185,Product_0185,Raw Materials,L,228.09,461.76
186,Product_0186,Consumables,EA,139.19,266.77
187,Product_0187,Raw Materials,L,62.95,107.09
188,Product_0188,Electronics,HOUR,369.58,861.25
189,Product_0189,Services,EA,352.06,716.85
190,Product_0190,Raw Materials,L,195.88,471.6
191,Product_0191,Consumables,KG,479.0,780.1
192,Product_0192,Software,KG,371.01,505.04
193,Product_0193,Electronics,L,9.12,15.31
194,Product_0194,Consumables,HOUR,46.73,103.76
195,Product_0195,Electronics,HOUR,220.03,461.84
196,Product_0196,Electronics,HOUR,308.58,609.34
197,Product_0197,Consumables,HOUR,105.99,211.8
198,Product_0198,Electronics,LICENSE,11.8,16.64
199,Product_0199,Services,KG,43.19,102.41
200,Product_0200,Software,KG,367.7,709.57
201,Product_0201,Consumables,L,189.24,290.09
202,Product_0202,Software,L,249.28,364.15
203,Product_0203,Software,L,310.31,660.08
204,Product_0204,Electronics,L,386.52,645.44
205,Product_0205,Services,LICENSE,271.47,390.87
206,Product_0206,Raw Materials,LICENSE,334.9,734.0
207,Product_0207,Consumables,HOUR,437.49,864.06
208,Product_0208,Software,KG,269.84,339.83
209,Product_0209,Services,EA,413.25,609.11
210,Product_0210,Services,L,104.54,199.24
211,Product_0211,Electronics,L,248.09,594.0
212,Product_0212,Services,LICENSE,207.79,415.58
213,Product_0213,Electronics,LICENSE,84.43,97.28
214,Product_0214,Consumables,L,374.65,784.82
215,Product_0215,Services,HOUR,59.66,87.66
216,Product_0216,Services,LICENSE,224.44,415.75
217,Product_0217,Software,LICENSE,180.13,405.55
218,Product_0218,Raw Materials,EA,166.74,260.77
219,Product_0219,Electronics,LICENSE,162.71,384.02
220,Product_0220,Consumables,KG,254.05,338.17
221,Product_0221,Raw Materials,EA,442.77,686.26
222,Product_0222,Raw Materials,LICENSE,11.56,17.1
223,Product_0223,Raw Materials,LICENSE,362.35,582.65
224,Product_0224,Software,HOUR,86.82,91.41
225,Product_0225,Electronics,EA,259.89,333.69
226,Product_0226,Consumables,KG,210.03,443.58
227,Product_0227,Electronics,EA,180.36,216.93
228,Product_0228,Electronics,L,109.89,164.94
229,Product_0229,Raw Materials,L,171.16,365.7
230,Product_0230,Services,L,280.65,463.88
231,Product_0231,Software,LICENSE,341.09,561.84
232,Product_0232,Consumables,KG,252.56,416.05
233,Product_0233,Software,LICENSE,15.96,38.63
234,Product_0234,Electronics,KG,63.02,96.98
235,Product_0235,Software,L,258.58,314.36
236,Product_0236,Services,EA,106.14,189.6
237,Product_0237,Software,L,307.61,705.38
238,Product_0238,Software,HOUR,282.54,554.12
239,Product_0239,Software,EA,441.37,931.47
240,Product_0240,Electronics,HOUR,235.2,545.09
241,Product_0241,Raw Materials,L,170.15,373.95
242,Product_0242,Raw Materials,L,411.2,672.98
243,Product_0243,Consumables,L,42.47,68.48
244,Product_0244,Electronics,HOUR,144.04,194.68
245,Product_0245,Consumables,HOUR,94.95,202.0
246,Product_0246,Services,LICENSE,325.92,377.24
247,Product_0247,Hardware,KG,494.66,685.47
248,Product_0248,Services,L,163.98,224.52
249,Product_0249,Services,L,354.78,565.16
250,Product_0250,Electronics,L,330.08,685.81
251,Product_0251,Services,HOUR,416.53,946.09
252,Product_0252,Electronics,HOUR,52.21,62.67
253,Product_0253,Software,LICENSE,384.42,729.01
254,Product_0254,Software,L,178.35,362.47
255,Product_0255,Software,HOUR,337.22,657.47
256,Product_0256,Software,EA,101.51,237.64
257,Product_0257,Services,KG,132.82,256.06
258,Product_0258,Raw Materials,KG,445.12,840.95
259,Product_0259,Software,L,156.92,259.19
260,Product_0260,Consumables,HOUR,96.76,185.75
261,Product_0261,Raw Materials,KG,363.55,774.85
262,Product_0262,Consumables,KG,349.6,561.13
263,Product_0263,Raw Materials,EA,479.46,803.13
264,Product_0264,Raw Materials,EA,135.71,327.28
265,Product_0265,Raw Materials,LICENSE,266.72,599.47
266,Product_0266,Electronics,LICENSE,329.08,738.61
267,Product_0267,Software,HOUR,408.4,889.55
268,Product_0268,Electronics,EA,387.96,828.05
269,Product_0269,Services,L,234.68,336.25
270,Product_0270,Consumables,EA,413.04,811.03
271,Product_0271,Services,LICENSE,449.47,1050.76
272,Product_0272,Electronics,L,221.03,445.78
273,Product_0273,Hardware,L,407.29,845.09
274,Product_0274,Software,LICENSE,499.45,760.98
275,Product_0275,Electronics,LICENSE,429.72,1072.82
276,Product_0276,Consumables,LICENSE,162.46,397.0
277,Product_0277,Services,LICENSE,392.95,735.19
278,Product_0278,Software,KG,119.85,128.34
279,Product_0279,Electronics,L,354.55,531.11
280,Product_0280,Services,LICENSE,7.65,18.44
281,Product_0281,Hardware,L,295.53,559.25
282,Product_0282,Services,HOUR,223.94,464.84
283,Product_0283,Services,KG,286.89,662.49
284,Product_0284,Electronics,L,174.24,316.27
285,Product_0285,Consumables,KG,224.31,396.25
286,Product_0286,Electronics,L,358.97,685.66
287,Product_0287,Consumables,L,417.25,657.39
288,Product_0288,Software,EA,87.84,155.96
289,Product_0289,Electronics,HOUR,326.08,472.54
290,Product_0290,Electronics,KG,209.84,282.45
291,Product_0291,Electronics,HOUR,335.54,759.72
292,Product_0292,Electronics,HOUR,344.27,373.95
293,Product_0293,Hardware,HOUR,230.16,470.51
294,Product_0294,Electronics,LICENSE,246.81,402.98
295,Product_0295,Electronics,L,417.73,827.83
296,Product_0296,Electronics,LICENSE,298.46,466.98
297,Product_0297,Raw Materials,HOUR,214.55,251.59
298,Product_0298,Raw Materials,LICENSE,126.91,260.35
299,Product_0299,Services,EA,488.21,996.44
300,Product_0300,Consumables,EA,498.63,545.27
